v_max,noise,seed,rel_loss,converged,b1,b3,c_hat,threshold
0.2,0.0,0,1.2854152121617006e-05,True,-0.3501110958002346,-0.18386752582560217,0.9757429531610247,0.001
0.2,0.0,1,0.004192883312633453,False,1.166044694900656,-0.15202134692852154,,0.001
0.2,0.0,2,3.213294470409804e-05,True,0.4529935418692551,0.23126584038711534,0.989635493259993,0.001
0.2,0.0,3,0.0022297890556145024,False,1.0785981298816356,-0.10674874525223842,,0.001
0.2,0.0,4,1.69892661933005e-06,True,-0.41549710581220306,-0.21977854132662517,0.9722464372077458,0.001
0.3,0.0,0,1.0153921792618848e-05,True,-0.3431617073310689,-0.1916696792849238,0.9461450117700052,0.001
0.3,0.0,1,0.0061410867093895675,False,1.1635595690145932,-0.14898107576908742,,0.001
0.3,0.0,2,3.6235773037596786e-05,True,0.4424517974380289,0.24466194440783887,0.9508998362121373,0.001
0.3,0.0,3,0.004351489857868046,False,1.1141513084980947,-0.11468213478452899,,0.001
0.3,0.0,4,3.275198543494831e-06,True,-0.3994872305995435,-0.22204042864336757,0.9484630678344316,0.001
0.5,0.0,0,2.691147797804024e-05,True,-0.32684595145230166,-0.21134939575335954,0.879338426263575,0.001
0.5,0.0,1,0.024086102166937434,False,1.1197501798041676,-0.1298911851452243,,0.001
0.5,0.0,2,4.0991129685392925e-05,True,0.3907577959298695,0.25019138659855117,0.883695514915653,0.001
0.5,0.0,3,0.022188752928822743,False,1.1317452065988822,-0.11072147495332255,,0.001
0.5,0.0,4,8.417175291899239e-06,True,-0.35742663178847756,-0.2303632333094026,0.8807889827827317,0.001
0.7,0.0,0,2.7969543997909564e-05,True,-0.2388197868280149,-0.21129623479927076,0.7517514531045492,0.001
0.7,0.0,1,0.08512835249608854,False,1.1560487471450474,-0.11380401556697232,,0.001
0.7,0.0,2,5.615829689361318e-05,True,0.26112090677002997,0.23014016020841452,0.7531987996624413,0.001
0.7,0.0,3,0.080968842861084,False,1.1171612697241395,-0.08202451836225948,,0.001
0.7,0.0,4,5.997389601798373e-06,True,-0.2886795290012723,-0.2547116564668335,0.752780890824888,0.001
0.5,0.02,0,0.00030635716182807963,True,-0.32041842478466714,-0.20822713009530278,0.877152460505191,0.001
0.5,0.02,1,0.02416211120281965,False,1.119569851735447,-0.1298674769430489,,0.001
0.5,0.02,2,0.0003426907505781749,True,0.39340873716532443,0.25223460402968173,0.8830893943550784,0.001
0.5,0.02,3,0.022368786338272304,False,1.1318874698962929,-0.11075470298614172,,0.001
0.5,0.02,4,0.00032181357463622646,True,-0.374327829726324,-0.24142726457359948,0.8804767723785584,0.001
0.5,0.05,0,0.0017644203260135467,False,-0.32918437223833236,-0.21558739967828144,,0.001
0.5,0.05,1,0.02536397377752671,False,1.1193056164875934,-0.12983305142618914,,0.001
0.5,0.05,2,0.001946521611342659,False,0.4025124288017091,0.2586428418835688,,0.001
0.5,0.05,3,0.023742095853395498,False,1.1320937223823633,-0.11080324286569684,,0.001
