v_max,noise,seed,rel_loss,noise_floor,rel_loss_excess,converged,b1,b3,c_hat,c_hat_quintic,readout_floor,readout_floor_quintic,threshold
0.5,0.02,0,0.00030635716182807963,0.00029165415861629623,1.4703003211783403e-05,True,-0.32041842478466714,-0.20822713009530278,0.877152460505191,0.9603326511200307,0.8873552718953436,1.0222243304516527,0.001
0.5,0.02,1,0.02416211120281965,0.0002901175681838245,0.023871993634635824,False,1.119569851735447,-0.1298674769430489,,,0.8873552718953436,1.0222243304516527,0.001
0.5,0.02,2,0.0003426907505781749,0.0003063466742939381,3.63440762842368e-05,True,0.39340873716532443,0.25223460402968173,0.8830893943550784,1.0068711524931133,0.8873552718953436,1.0222243304516527,0.001
0.5,0.02,3,0.022368786338272304,0.0002991296587706782,0.022069656679501625,False,1.1318874698962929,-0.11075470298614172,,,0.8873552718953436,1.0222243304516527,0.001
0.5,0.02,4,0.00032181357463622646,0.00030074410152964757,2.1069473106578895e-05,True,-0.374327829726324,-0.24142726457359948,0.8804767723785584,0.9765565015079793,0.8873552718953436,1.0222243304516527,0.001
0.5,0.05,0,0.0017644203260135467,0.0018179872297390438,-5.3566903725497115e-05,True,-0.32918437223833236,-0.21558739967828144,0.8737615299810364,0.9421481323069955,0.8873552718953436,1.0222243304516527,0.001
0.5,0.05,1,0.02536397377752671,0.001809442259068797,0.023554531518457916,False,1.1193056164875934,-0.12983305142618914,,,0.8873552718953436,1.0222243304516527,0.001
0.5,0.05,2,0.001946521611342659,0.0019126998465008075,3.3821764841851596e-05,True,0.4025124288017091,0.2586428418835688,0.8821133970459218,1.005100447820273,0.8873552718953436,1.0222243304516527,0.001
0.5,0.05,3,0.023742095853395498,0.001865749641121387,0.02187634621227411,False,1.1320937223823633,-0.11080324286569684,,,0.8873552718953436,1.0222243304516527,0.001
0.5,0.05,4,0.0019534905642998104,0.0018717126712912164,8.177789300859405e-05,True,-0.42178456261972475,-0.2724057021752455,0.8798775670194905,0.9662715091391718,0.8873552718953436,1.0222243304516527,0.001
0.5,0.1,0,0.006914059610517445,0.007218930143603235,-0.0003048705330857904,True,-0.3608401136407577,-0.23889857781483861,0.8690317135771002,0.9228637919933846,0.8873552718953436,1.0222243304516527,0.001
0.5,0.1,1,0.030229916758755478,0.0071918770261081245,0.023038039732647352,False,1.118882993608882,-0.1297789101903249,,,0.8873552718953436,1.0222243304516527,0.001
0.5,0.1,2,0.007654302928099736,0.007614459938539061,3.9842989560674724e-05,True,0.42678308360587214,0.2752998528306447,0.8804113060632354,1.0022315825015151,0.8873552718953436,1.0222243304516527,0.001
0.5,0.1,3,0.028934130464989376,0.007415669041258482,0.021518461423730893,False,1.1324197457159086,-0.11088090016792404,,,0.8873552718953436,1.0222243304516527,0.001
0.5,0.1,4,0.0076944734368683656,0.007412479427880999,0.00028199400898736623,True,-0.47957359067668304,-0.3098521685602111,0.8797015593080356,0.957204774629153,0.8873552718953436,1.0222243304516527,0.001
