v_max,noise,seed,rel_loss,converged,b1,b3,c_hat,c_hat_quintic,readout_floor,readout_floor_quintic,threshold
0.3,0.0,0,1.0153921792618848e-05,True,-0.3431617073310689,-0.1916696792849238,0.9461450117700052,0.9350531806960374,0.9614944611530636,1.0021379143851987,0.001
0.3,0.0,1,0.0061410867093895675,False,1.1635595690145932,-0.14898107576908742,,,0.9614944611530636,1.0021379143851987,0.001
0.3,0.0,2,3.6235773037596786e-05,True,0.4424517974380289,0.24466194440783887,0.9508998362121373,0.9477635421080114,0.9614944611530636,1.0021379143851987,0.001
0.3,0.0,3,0.004351489857868046,False,1.1141513084980947,-0.11468213478452899,,,0.9614944611530636,1.0021379143851987,0.001
0.3,0.0,4,3.275198543494831e-06,True,-0.3994872305995435,-0.22204042864336757,0.9484630678344316,0.9392739246961631,0.9614944611530636,1.0021379143851987,0.001
0.5,0.0,0,2.691147797804024e-05,True,-0.32684595145230166,-0.21134939575335954,0.879338426263575,0.9716673029142537,0.8873552718953436,1.0222243304516527,0.001
0.5,0.0,1,0.024086102166937434,False,1.1197501798041676,-0.1298911851452243,,,0.8873552718953436,1.0222243304516527,0.001
0.5,0.0,2,4.0991129685392925e-05,True,0.3907577959298695,0.25019138659855117,0.883695514915653,1.0074234024034519,0.8873552718953436,1.0222243304516527,0.001
0.5,0.0,3,0.022188752928822743,False,1.1317452065988822,-0.11072147495332255,,,0.8873552718953436,1.0222243304516527,0.001
0.5,0.0,4,8.417175291899239e-06,True,-0.35742663178847756,-0.2303632333094026,0.8807889827827317,0.9819341903116147,0.8873552718953436,1.0222243304516527,0.001
