model,params,nll,nll_std,n_seeds,is_real_data
iid,1,0.9841289204645193,0.0,1,True
markov-1,2,0.8617011218344468,0.0,1,True
markov-2,4,0.8588514506189976,0.0,1,True
markov-3,8,0.856865172859498,0.0,1,True
markov-4,16,0.8635947585444551,0.0,1,True
hmm-2,5,0.8551232921151535,9.105459094102336e-06,5,True
hmm-3,11,0.8615643385095717,0.0008499480681472323,5,True
hmm-4,19,0.8563060484051708,0.012138122910426622,5,True
hqmm-d2,7,0.8630246224474456,2.156657878774417e-07,5,True
hqmm-d3,17,0.8784714774959046,0.02672112398018587,5,True
