seed,model,nll
0,hmm-2,0.8551167549512408
1,hmm-2,0.8551302823201767
2,hmm-2,0.8551357894504042
3,hmm-2,0.8551168335199139
4,hmm-2,0.8551168003340319
0,hmm-3,0.8619463092594191
1,hmm-3,0.8600440243180048
2,hmm-3,0.861939126143866
3,hmm-3,0.8619317033458921
4,hmm-3,0.861960529480677
0,hmm-4,0.8459426647783417
1,hmm-4,0.862996376909216
2,hmm-4,0.8455171899448443
3,hmm-4,0.8531398191267836
4,hmm-4,0.8739341912666678
0,hqmm-d2,0.8630249959563361
1,hqmm-d2,0.8630244962073917
2,hqmm-d2,0.8630244578620144
3,hqmm-d2,0.8630245879922843
4,hqmm-d2,0.863024574219202
0,hqmm-d3,0.8483715797708105
1,hqmm-d3,0.8572518156410045
2,hqmm-d3,0.9031660027765596
3,hqmm-d3,0.9081475237606982
4,hqmm-d3,0.8754204655304494
